url,prose_words,shingles,max_containment,nearest,jaccard_nearest,unique_share,installer_rows,keyfacts,dg_points,local_points,gate
/solar-savings/aptos,446,282,0.904,/solar-savings/pacific-grove,0.81,0.096,0,0,0,0,fail
/solar-savings/watsonville,446,282,0.904,/solar-savings/aptos,0.825,0.096,0,0,0,0,fail
/solar-savings/oceanside,431,268,0.899,/solar-savings/carlsbad,0.436,0.101,0,0,0,0,fail
/solar-savings/walnut-creek,441,280,0.889,/solar-savings/richmond,0.722,0.111,0,0,0,0,fail
/solar-savings/pacific-grove,456,288,0.885,/solar-savings/aptos,0.81,0.115,0,0,0,0,fail
/solar-savings/winchester,517,328,0.848,/solar-savings/murrieta,0.494,0.152,0,0,0,0,fail
/solar-savings/menifee,542,341,0.812,/solar-savings/fontana,0.652,0.188,0,0,0,0,fail
/solar-savings/richmond,488,314,0.793,/solar-savings/vallejo,0.489,0.201,0,0,0,0,fail
/solar-savings/escondido,486,305,0.79,/solar-savings/carlsbad,0.408,0.21,0,0,0,0,fail
/solar-savings/pleasanton,510,324,0.778,/solar-savings/livermore,0.42,0.222,0,0,0,0,fail
/solar-savings/hayward,505,324,0.775,/solar-savings/livermore,0.418,0.222,0,0,0,0,fail
/solar-savings/santa-cruz,526,331,0.77,/solar-savings/aptos,0.712,0.221,0,0,0,0,fail
/solar-savings/fontana,568,361,0.767,/solar-savings/menifee,0.652,0.23,0,0,0,0,fail
/solar-savings/beaumont,546,355,0.741,/solar-savings/hemet,0.538,0.206,0,0,0,0,fail
/solar-savings/simi-valley,654,421,0.736,/solar-savings/thousand-oaks,0.453,0.245,0,0,0,0,fail
/solar-savings/santa-ana,657,429,0.713,/solar-savings/westminster,0.457,0.275,0,0,0,0,fail
/solar-savings/el-dorado-hills,471,301,0.704,/solar-savings/aptos,0.571,0.296,0,0,0,0,fail
/solar-savings/hemet,605,397,0.685,/solar-savings/santa-clarita,0.381,0.275,0,0,0,0,fail
/solar-savings/santa-rosa,514,321,0.685,/solar-savings/santa-cruz,0.509,0.308,0,0,0,0,fail
/solar-savings/visalia,572,364,0.681,/solar-savings/beaumont,0.527,0.319,0,0,0,0,fail
/solar-savings/lakewood,605,391,0.68,/solar-savings/santa-ana,0.48,0.312,0,0,0,0,fail
/solar-savings/san-clemente,397,242,0.657,/solar-savings/carlsbad,0.261,0.248,0,0,0,0,fail
/solar-savings/half-moon-bay,531,350,0.623,/solar-savings/aptos,0.527,0.377,0,0,0,0,fail
/solar-savings/palm-desert,614,379,0.612,/solar-savings/palm-springs,0.339,0.296,0,0,0,0,fail
/solar-savings/redlands,713,486,0.57,/solar-savings/fontana,0.486,0.428,0,0,0,0,fail
/solar-savings/vallejo,639,444,0.561,/solar-savings/richmond,0.489,0.437,0,0,0,0,fail
/solar-savings/westminster,784,547,0.559,/solar-savings/santa-ana,0.457,0.415,0,0,0,0,fail
/solar-savings/fallbrook,662,448,0.558,/solar-savings/chula-vista,0.365,0.438,0,0,0,0,fail
/solar-savings/murrieta,748,513,0.546,/solar-savings/wildomar,0.372,0.429,0,0,0,0,fail
/solar-savings/thousand-oaks,844,574,0.54,/solar-savings/simi-valley,0.453,0.43,0,0,0,0,fail
/solar-savings/wildomar,747,519,0.539,/solar-savings/murrieta,0.372,0.443,0,0,0,0,fail
/solar-savings/stockton,664,465,0.529,/solar-savings/livermore,0.329,0.46,0,0,0,0,fail
/solar-savings/chula-vista,705,487,0.513,/solar-savings/fallbrook,0.365,0.478,0,0,0,0,fail
/solar-savings/san-luis-obispo,727,506,0.504,/solar-savings/aptos,0.478,0.494,0,0,0,0,fail
/solar-savings/merced,513,312,0.481,/solar-savings/aptos,0.338,0.372,0,0,0,0,fail
/solar-savings/livermore,750,528,0.477,/solar-savings/pleasanton,0.42,0.489,0,0,0,0,fail
/solar-savings/palm-springs,784,537,0.477,/solar-savings/thousand-oaks,0.299,0.458,0,0,0,0,fail
/solar-savings/santa-clarita,832,588,0.463,/solar-savings/hemet,0.381,0.483,0,0,0,0,fail
/solar-savings/carlsbad,747,526,0.458,/solar-savings/escondido,0.408,0.542,0,0,0,0,fail
/solar-savings/huntington-beach,811,575,0.433,/solar-savings/westminster,0.285,0.543,0,0,0,0,fail
/solar-savings/lodi,203,108,0.426,/solar-savings/glendale,0.153,0.481,0,0,0,0,fail
/solar-savings/moreno-valley,400,225,0.422,/solar-savings/modesto,0.219,0.524,0,0,0,0,fail
/solar-savings/modesto,496,304,0.352,/solar-savings/merced,0.21,0.586,0,0,0,0,fail
/solar-savings/rancho-cordova,302,191,0.267,/solar-savings/glendale,0.135,0.733,0,0,0,0,fail
/solar-savings/glendale,367,239,0.213,/solar-savings/rancho-cordova,0.135,0.732,0,0,0,0,fail
/solar-savings/lancaster,968,686,0.118,/solar-savings/irvine,0.062,0.827,0,0,0,0,fail
/solar-savings/irvine,962,702,0.115,/solar-savings/lancaster,0.062,0.866,0,0,0,0,fail
/solar-savings/sunnyvale,728,531,0.109,/solar-savings/oakland,0.051,0.878,0,0,0,0,fail
/solar-savings/newport-beach,899,627,0.104,/solar-savings/lancaster,0.052,0.872,0,0,0,0,fail
/solar-savings/san-mateo,880,664,0.098,/solar-savings/san-diego,0.047,0.89,0,0,0,0,fail
/solar-savings/oakland,890,655,0.089,/solar-savings/sunnyvale,0.051,0.887,0,0,0,0,fail
/solar-savings/san-diego,1016,772,0.084,/solar-savings/san-mateo,0.047,0.882,0,0,0,0,fail
/solar-savings/palo-alto,850,598,0.043,/solar-savings/oakland,0.021,0.953,0,0,0,0,fail
/solar-savings/riverside,768,557,0.02,/solar-savings/aptos,0.013,0.98,0,0,0,0,fail
/solar-savings/sacramento,734,554,0.02,/solar-savings/aptos,0.013,0.98,0,0,0,0,fail
